User_ID,First_Name,Last_Name,Name,Paid_User,Churn
1,Henri,Petit,Henri Petit,0,1
2,Noah,Davies,Noah Davies,0,0
3,Oliver,Brown,Oliver Brown,0,0
4,Oscar,Brown,Oscar Brown,1,0
5,Muhammad,Smith,Muhammad Smith,0,0
6,Hans,Meyer,Hans Meyer,0,0
7,Klaus,Hoffmann,Klaus Hoffmann,1,0
8,Joseph,Williams,Joseph Williams,1,0
9,Oliver,Evans,Oliver Evans,0,0
10,Jean,Thomas,Jean Thomas,1,0
11,Philippe,Martin,Philippe Martin,0,0
12,Alain,Leroy,Alain Leroy,1,0
13,Robert,Smith,Robert Smith,0,0
14,James,Taylor,James Taylor,1,1
15,Luc,Moreau,Luc Moreau,1,1
16,Jacques,Moreau,Jacques Moreau,1,0
17,Fritz,Schneider,Fritz Schneider,1,0
18,Jacques,Martin,Jacques Martin,1,0
19,William,Brown,William Brown,0,0
20,Uwe,Meyer,Uwe Meyer,0,0
21,Uwe,Schulz,Uwe Schulz,1,0
22,Jack,Smith,Jack Smith,0,0
23,Muhammad,Davies,Muhammad Davies,0,0
24,Robert,Taylor,Robert Taylor,1,1
25,William,Johnson,William Johnson,1,0
26,Jurgen,Schneider,Jurgen Schneider,1,1
27,Werner,Weber,Werner Weber,1,0
28,Oliver,Wilson,Oliver Wilson,1,0
29,Henri,Durand,Henri Durand,1,0
30,Oliver,Roberts,Oliver Roberts,0,0
31,Joseph,Williams,Joseph Williams,0,0
32,George,Wilson,George Wilson,0,0
33,Jack,Smith,Jack Smith,1,1
34,Wolfgang,Schneider,Wolfgang Schneider,1,1
35,Andre,Moreau,Andre Moreau,1,0
36,Andre,Robert,Andre Robert,0,0
37,Oscar,Jones,Oscar Jones,1,0
38,Andre,Moreau,Andre Moreau,0,0
39,Charles,Miller,Charles Miller,0,0
40,Charles,Johnson,Charles Johnson,0,0
41,Hans,Becker,Hans Becker,0,0
42,Gunter,Schulz,Gunter Schulz,1,0
43,Luc,Leroy,Luc Leroy,0,0
44,Michel,Leroy,Michel Leroy,0,0
45,Michel,Martin,Michel Martin,1,0
46,Robert,Davis,Robert Davis,1,0
47,Heinz,Meyer,Heinz Meyer,0,0
48,Oscar,Williams,Oscar Williams,0,0
49,Werner,Becker,Werner Becker,0,0
50,Fritz,Fischer,Fritz Fischer,0,0
51,Oscar,Evans,Oscar Evans,0,0
52,Oliver,Roberts,Oliver Roberts,0,0
53,Michael,Brown,Michael Brown,1,0
54,Robert,Johnson,Robert Johnson,0,0
55,George,Brown,George Brown,1,0
56,Wolfgang,Fischer,Wolfgang Fischer,0,0
57,Luc,Martin,Luc Martin,1,1
58,Thomas,Jones,Thomas Jones,0,1
59,Klaus,Weber,Klaus Weber,1,0
60,Michel,Robert,Michel Robert,1,0
61,Richard,Brown,Richard Brown,0,0
62,Pierre,Petit,Pierre Petit,0,0
63,John,Davis,John Davis,0,0
64,Jacob,Smith,Jacob Smith,1,0
65,Wolfgang,Schneider,Wolfgang Schneider,0,0
66,Philippe,Robert,Philippe Robert,0,0
67,Gunter,Hoffmann,Gunter Hoffmann,0,0
68,Peter,Schmidt,Peter Schmidt,0,0
69,Jurgen,Weber,Jurgen Weber,0,0
70,Michel,Thomas,Michel Thomas,1,0
71,Jacob,Thomas,Jacob Thomas,0,0
72,Muhammad,Smith,Muhammad Smith,1,0
73,George,Thomas,George Thomas,0,0
74,Jacques,Bernard,Jacques Bernard,0,0
75,Jurgen,Hoffmann,Jurgen Hoffmann,1,0
76,Luc,Martin,Luc Martin,1,0
77,Jean,Bernard,Jean Bernard,1,1
78,Thomas,Roberts,Thomas Roberts,0,0
79,Joseph,Wilson,Joseph Wilson,0,0
80,Fritz,Muller,Fritz Muller,0,0
81,Joseph,Wilson,Joseph Wilson,0,0
82,Fritz,Muller,Fritz Muller,1,1
83,Harry,Williams,Harry Williams,0,1
84,John,Miller,John Miller,0,1
85,William,Taylor,William Taylor,1,1
86,James,Williams,James Williams,1,0
87,Jean,Bernard,Jean Bernard,1,0
88,Pierre,Thomas,Pierre Thomas,0,0
89,Alain,Durand,Alain Durand,1,0
90,Peter,Meyer,Peter Meyer,0,1
91,Heinz,Muller,Heinz Muller,0,1
92,Oliver,Evans,Oliver Evans,1,0
93,Robert,Smith,Robert Smith,1,0
94,Thomas,Taylor,Thomas Taylor,0,1
95,David,Taylor,David Taylor,0,0
96,Joseph,Taylor,Joseph Taylor,1,0
97,Philippe,Martin,Philippe Martin,1,1
98,Jack,Thomas,Jack Thomas,0,0
99,George,Roberts,George Roberts,0,0
100,Alain,Robert,Alain Robert,0,0
101,Werner,Wagner,Werner Wagner,1,0
102,Heinz,Hoffmann,Heinz Hoffmann,1,0
103,Jacques,Bernard,Jacques Bernard,1,0
104,Jurgen,Schmidt,Jurgen Schmidt,1,0
105,Philippe,Richard,Philippe Richard,1,0
106,Fritz,Fischer,Fritz Fischer,1,0
107,Thomas,Davies,Thomas Davies,0,0
108,Peter,Weber,Peter Weber,0,0
109,Jacob,Davies,Jacob Davies,1,0
110,Thomas,Taylor,Thomas Taylor,1,0
111,Andre,Martin,Andre Martin,0,0
112,David,Smith,David Smith,1,0
113,Joseph,Johnson,Joseph Johnson,0,0
114,Jean,Dubois,Jean Dubois,0,0
115,James,Smith,James Smith,0,1
116,Noah,Brown,Noah Brown,1,0
117,William,Williams,William Williams,1,0
118,Jacques,Leroy,Jacques Leroy,1,0
119,Oliver,Jones,Oliver Jones,0,0
120,Heinz,Weber,Heinz Weber,1,1
121,Harry,Smith,Harry Smith,1,0
122,Oliver,Jones,Oliver Jones,1,0
123,Jacob,Thomas,Jacob Thomas,0,0
124,Jurgen,Muller,Jurgen Muller,0,0
125,Heinz,Muller,Heinz Muller,1,0
126,Thomas,Taylor,Thomas Taylor,1,0
127,Alain,Martin,Alain Martin,0,0
128,Peter,Schmidt,Peter Schmidt,0,0
129,Peter,Schmidt,Peter Schmidt,0,0
130,Jacques,Richard,Jacques Richard,0,0
131,Richard,Taylor,Richard Taylor,1,0
132,Muhammad,Brown,Muhammad Brown,1,0
133,Philippe,Leroy,Philippe Leroy,0,0
134,Oscar,Wilson,Oscar Wilson,1,0
135,Noah,Evans,Noah Evans,0,0
136,David,Williams,David Williams,1,0
137,James,Jones,James Jones,1,0
138,Robert,Miller,Robert Miller,0,0
139,William,Brown,William Brown,0,0
140,William,Williams,William Williams,0,1
141,Francois,Moreau,Francois Moreau,0,0
142,David,Williams,David Williams,0,0
143,Michel,Robert,Michel Robert,0,0
144,Charlie,Brown,Charlie Brown,1,0
145,George,Davies,George Davies,1,0
146,Michel,Robert,Michel Robert,0,0
147,William,Williams,William Williams,0,0
148,Klaus,Schulz,Klaus Schulz,1,1
149,Philippe,Robert,Philippe Robert,0,0
150,Harry,Davies,Harry Davies,0,0
151,Heinz,Becker,Heinz Becker,0,0
152,Noah,Evans,Noah Evans,0,0
153,Jurgen,Schmidt,Jurgen Schmidt,0,0
154,Joseph,Taylor,Joseph Taylor,0,0
155,Jean,Moreau,Jean Moreau,0,0
156,Charlie,Roberts,Charlie Roberts,0,0
157,Charles,Johnson,Charles Johnson,0,0
158,John,Brown,John Brown,0,0
159,James,Taylor,James Taylor,0,0
160,James,Miller,James Miller,1,0
161,Fritz,Weber,Fritz Weber,1,0
162,Klaus,Fischer,Klaus Fischer,1,0
163,Wolfgang,Schneider,Wolfgang Schneider,0,0
164,Oscar,Wilson,Oscar Wilson,0,0
165,Henri,Moreau,Henri Moreau,1,0
166,Henri,Robert,Henri Robert,0,0
167,Michael,Jones,Michael Jones,1,0
168,Charles,Taylor,Charles Taylor,1,0
169,James,Williams,James Williams,0,0
170,Jack,Jones,Jack Jones,0,0
171,Oscar,Smith,Oscar Smith,0,0
172,Uwe,Hoffmann,Uwe Hoffmann,0,0
173,George,Brown,George Brown,0,0
174,Michel,Leroy,Michel Leroy,0,0
175,Heinz,Schulz,Heinz Schulz,0,0
176,Fritz,Weber,Fritz Weber,1,0
177,Richard,Smith,Richard Smith,1,0
178,Francois,Martin,Francois Martin,0,0
179,Pierre,Thomas,Pierre Thomas,0,0
180,Wolfgang,Schneider,Wolfgang Schneider,1,0
181,Alain,Durand,Alain Durand,1,0
182,Muhammad,Roberts,Muhammad Roberts,1,0
183,Charlie,Brown,Charlie Brown,1,0
184,Uwe,Schulz,Uwe Schulz,0,0
185,Robert,Taylor,Robert Taylor,0,0
186,James,Moore,James Moore,1,0
187,John,Davis,John Davis,0,0
188,Pierre,Martin,Pierre Martin,0,0
189,Uwe,Becker,Uwe Becker,1,0
190,David,Smith,David Smith,0,0
191,Fritz,Schneider,Fritz Schneider,0,0
192,Jurgen,Schulz,Jurgen Schulz,0,0
193,Thomas,Jones,Thomas Jones,0,0
194,Jean,Moreau,Jean Moreau,1,1
195,Oliver,Thomas,Oliver Thomas,0,0
196,Muhammad,Jones,Muhammad Jones,0,1
197,Klaus,Schmidt,Klaus Schmidt,0,0
198,Charlie,Williams,Charlie Williams,0,0
199,Michel,Petit,Michel Petit,0,0
200,George,Jones,George Jones,1,0
201,Oscar,Jones,Oscar Jones,1,0
202,Heinz,Schmidt,Heinz Schmidt,0,0
203,Muhammad,Thomas,Muhammad Thomas,1,1
204,Philippe,Moreau,Philippe Moreau,0,0
205,Michael,Brown,Michael Brown,0,0
206,Francois,Thomas,Francois Thomas,0,0
207,Noah,Davies,Noah Davies,1,1
208,Fritz,Schulz,Fritz Schulz,1,0
209,Richard,Moore,Richard Moore,1,0
210,Uwe,Becker,Uwe Becker,0,0
211,Robert,Wilson,Robert Wilson,0,0
212,Klaus,Schneider,Klaus Schneider,0,0
213,Luc,Robert,Luc Robert,1,0
214,David,Moore,David Moore,0,0
215,Thomas,Davies,Thomas Davies,1,0
216,Gunter,Becker,Gunter Becker,0,0
217,Thomas,Davies,Thomas Davies,0,0
218,Jean,Petit,Jean Petit,0,0
219,Jean,Richard,Jean Richard,0,0
220,William,Miller,William Miller,0,0
221,Charlie,Evans,Charlie Evans,1,0
222,Jack,Brown,Jack Brown,0,0
223,Thomas,Evans,Thomas Evans,0,0
224,Fritz,Muller,Fritz Muller,0,0
225,Charlie,Davies,Charlie Davies,0,0
226,Jacob,Thomas,Jacob Thomas,0,1
227,Fritz,Wagner,Fritz Wagner,0,0
228,Francois,Moreau,Francois Moreau,1,0
229,Harry,Jones,Harry Jones,0,0
230,Oscar,Smith,Oscar Smith,0,0
231,Peter,Wagner,Peter Wagner,0,0
232,John,Moore,John Moore,1,1
233,Jacques,Richard,Jacques Richard,0,0
234,John,Miller,John Miller,1,0
235,Pierre,Thomas,Pierre Thomas,1,0
236,David,Wilson,David Wilson,0,0
237,Jurgen,Muller,Jurgen Muller,0,0
238,Philippe,Moreau,Philippe Moreau,1,0
239,Jacob,Williams,Jacob Williams,0,0
240,Philippe,Richard,Philippe Richard,1,0
241,Noah,Jones,Noah Jones,0,0
242,Richard,Williams,Richard Williams,0,0
243,Charlie,Brown,Charlie Brown,1,0
244,Pierre,Leroy,Pierre Leroy,1,0
245,Robert,Miller,Robert Miller,1,0
246,Pierre,Martin,Pierre Martin,0,0
247,Joseph,Jones,Joseph Jones,0,0
248,Pierre,Martin,Pierre Martin,1,0
249,Oscar,Thomas,Oscar Thomas,0,0
250,Uwe,Hoffmann,Uwe Hoffmann,0,0
251,Oscar,Taylor,Oscar Taylor,1,0
252,David,Miller,David Miller,0,0
253,Francois,Dubois,Francois Dubois,0,0
254,Wolfgang,Wagner,Wolfgang Wagner,0,0
255,George,Brown,George Brown,1,0
256,Wolfgang,Schulz,Wolfgang Schulz,0,0
257,Jacob,Jones,Jacob Jones,1,0
258,Uwe,Muller,Uwe Muller,0,1
259,Charles,Smith,Charles Smith,0,0
260,Heinz,Weber,Heinz Weber,1,0
261,Klaus,Becker,Klaus Becker,1,0
262,Jack,Wilson,Jack Wilson,0,0
263,Jacob,Davies,Jacob Davies,1,0
264,Wolfgang,Schmidt,Wolfgang Schmidt,1,0
265,Wolfgang,Meyer,Wolfgang Meyer,1,0
266,Jean,Richard,Jean Richard,0,1
267,Henri,Moreau,Henri Moreau,0,0
268,Thomas,Taylor,Thomas Taylor,0,0
269,Pierre,Moreau,Pierre Moreau,0,0
270,Francois,Petit,Francois Petit,0,0
271,Pierre,Dubois,Pierre Dubois,0,0
272,Oscar,Smith,Oscar Smith,1,0
273,Robert,Taylor,Robert Taylor,0,0
274,Andre,Thomas,Andre Thomas,0,0
275,Jacob,Wilson,Jacob Wilson,0,0
276,Muhammad,Jones,Muhammad Jones,0,0
277,Noah,Roberts,Noah Roberts,1,0
278,Philippe,Moreau,Philippe Moreau,0,1
279,Henri,Martin,Henri Martin,1,0
280,Richard,Moore,Richard Moore,0,0
281,Oscar,Davies,Oscar Davies,1,0
282,Francois,Petit,Francois Petit,1,0
283,Alain,Martin,Alain Martin,1,0
284,Richard,Brown,Richard Brown,0,0
285,Henri,Durand,Henri Durand,0,0
286,Heinz,Schneider,Heinz Schneider,0,0
287,Jurgen,Schneider,Jurgen Schneider,0,0
288,Jacques,Thomas,Jacques Thomas,1,0
289,Muhammad,Wilson,Muhammad Wilson,1,0
290,Thomas,Davis,Thomas Davis,0,0
291,George,Smith,George Smith,1,0
292,William,Williams,William Williams,0,0
293,Michael,Miller,Michael Miller,0,0
294,George,Wilson,George Wilson,1,0
295,Gunter,Becker,Gunter Becker,1,0
296,George,Davies,George Davies,1,0
297,Wolfgang,Meyer,Wolfgang Meyer,1,1
298,Noah,Smith,Noah Smith,0,0
299,Luc,Robert,Luc Robert,0,0
300,Klaus,Becker,Klaus Becker,0,0
301,Werner,Becker,Werner Becker,0,1
302,Philippe,Martin,Philippe Martin,0,0
303,Jurgen,Schmidt,Jurgen Schmidt,0,0
304,Joseph,Miller,Joseph Miller,1,0
305,Peter,Wagner,Peter Wagner,1,0
306,John,Davis,John Davis,1,0
307,Philippe,Thomas,Philippe Thomas,1,0
308,Gunter,Muller,Gunter Muller,0,0
309,Michel,Martin,Michel Martin,0,0
310,Oscar,Taylor,Oscar Taylor,0,0
311,Pierre,Petit,Pierre Petit,0,0
312,Richard,Williams,Richard Williams,1,0
313,Richard,Taylor,Richard Taylor,1,0
314,Oliver,Wilson,Oliver Wilson,0,0
315,Werner,Muller,Werner Muller,0,0
316,David,Brown,David Brown,1,0
317,Michael,Jones,Michael Jones,0,0
318,Jean,Thomas,Jean Thomas,0,1
319,Andre,Thomas,Andre Thomas,1,0
320,Philippe,Petit,Philippe Petit,1,0
321,Oscar,Taylor,Oscar Taylor,1,0
322,William,Johnson,William Johnson,1,1
323,Thomas,Smith,Thomas Smith,1,0
324,William,Jones,William Jones,1,1
325,Muhammad,Davies,Muhammad Davies,1,1
326,David,Smith,David Smith,0,0
327,James,Wilson,James Wilson,0,0
328,Jacques,Durand,Jacques Durand,1,0
329,Robert,Moore,Robert Moore,1,0
330,Michel,Richard,Michel Richard,1,0
331,Oscar,Smith,Oscar Smith,1,1
332,John,Wilson,John Wilson,0,0
333,Alain,Richard,Alain Richard,0,0
334,Henri,Bernard,Henri Bernard,1,0
335,Jacques,Robert,Jacques Robert,1,0
336,Alain,Leroy,Alain Leroy,1,0
337,William,Wilson,William Wilson,0,0
338,Thomas,Davis,Thomas Davis,0,0
339,Thomas,Smith,Thomas Smith,0,0
340,Jurgen,Muller,Jurgen Muller,1,0
341,Luc,Durand,Luc Durand,1,0
342,Jean,Martin,Jean Martin,0,0
343,Pierre,Thomas,Pierre Thomas,0,1
344,Peter,Hoffmann,Peter Hoffmann,0,0
345,Alain,Richard,Alain Richard,1,0
346,Andre,Petit,Andre Petit,0,1
347,Jurgen,Schmidt,Jurgen Schmidt,0,0
348,George,Evans,George Evans,0,0
349,Jurgen,Schmidt,Jurgen Schmidt,1,0
350,William,Moore,William Moore,1,0
351,Jacob,Brown,Jacob Brown,1,0
352,Francois,Dubois,Francois Dubois,1,0
353,Alain,Richard,Alain Richard,0,0
354,Thomas,Williams,Thomas Williams,1,0
355,George,Smith,George Smith,0,0
356,Muhammad,Brown,Muhammad Brown,0,1
357,Gunter,Schneider,Gunter Schneider,0,0
358,William,Johnson,William Johnson,1,0
359,Thomas,Davis,Thomas Davis,0,0
360,Oliver,Roberts,Oliver Roberts,0,0
361,Hans,Schulz,Hans Schulz,0,0
362,Peter,Meyer,Peter Meyer,0,0
363,John,Davis,John Davis,0,0
364,Wolfgang,Weber,Wolfgang Weber,0,0
365,William,Wilson,William Wilson,0,1
366,James,Williams,James Williams,1,0
367,Jean,Dubois,Jean Dubois,1,0
368,Muhammad,Brown,Muhammad Brown,0,0
369,Jack,Jones,Jack Jones,1,0
370,George,Wilson,George Wilson,1,0
371,Jean,Richard,Jean Richard,1,0
372,Pierre,Durand,Pierre Durand,0,1
373,Gunter,Schmidt,Gunter Schmidt,0,0
374,Jacob,Williams,Jacob Williams,1,1
375,Robert,Jones,Robert Jones,0,0
376,William,Johnson,William Johnson,0,1
377,Charles,Davis,Charles Davis,0,1
378,William,Williams,William Williams,0,0
379,Jurgen,Schmidt,Jurgen Schmidt,0,1
380,Michael,Jones,Michael Jones,0,1
381,Thomas,Smith,Thomas Smith,1,0
382,George,Jones,George Jones,0,0
383,Jean,Bernard,Jean Bernard,0,0
384,Richard,Miller,Richard Miller,1,0
385,Joseph,Moore,Joseph Moore,0,0
386,Jack,Williams,Jack Williams,1,0
387,Harry,Taylor,Harry Taylor,0,0
388,Jack,Jones,Jack Jones,0,0
389,Thomas,Wilson,Thomas Wilson,1,0
390,Thomas,Jones,Thomas Jones,1,1
391,Gunter,Schulz,Gunter Schulz,1,0
392,Noah,Wilson,Noah Wilson,0,0
393,Joseph,Williams,Joseph Williams,0,1
394,Robert,Jones,Robert Jones,0,0
395,Jacques,Moreau,Jacques Moreau,1,0
396,Henri,Leroy,Henri Leroy,0,0
397,George,Brown,George Brown,1,0
398,Henri,Robert,Henri Robert,0,0
399,Richard,Johnson,Richard Johnson,0,0
400,Heinz,Wagner,Heinz Wagner,0,0
401,Robert,Brown,Robert Brown,1,0
402,Harry,Smith,Harry Smith,1,0
403,Fritz,Wagner,Fritz Wagner,1,0
404,Michael,Miller,Michael Miller,1,0
405,Jacques,Thomas,Jacques Thomas,1,0
406,Robert,Taylor,Robert Taylor,0,0
407,Harry,Taylor,Harry Taylor,0,0
408,Harry,Thomas,Harry Thomas,0,0
409,Werner,Wagner,Werner Wagner,0,0
410,William,Johnson,William Johnson,0,1
411,Charles,Davis,Charles Davis,0,0
412,Michael,Moore,Michael Moore,1,0
413,Michael,Jones,Michael Jones,1,1
414,Klaus,Meyer,Klaus Meyer,0,0
415,Andre,Petit,Andre Petit,1,0
416,Jack,Brown,Jack Brown,0,0
417,Michel,Durand,Michel Durand,1,0
418,Gunter,Schmidt,Gunter Schmidt,1,0
419,Thomas,Thomas,Thomas Thomas,0,0
420,David,Taylor,David Taylor,1,0
421,Richard,Williams,Richard Williams,1,0
422,James,Brown,James Brown,1,0
423,George,Brown,George Brown,1,0
424,Robert,Williams,Robert Williams,0,0
425,William,Davis,William Davis,0,0
426,Jean,Petit,Jean Petit,0,0
427,Noah,Williams,Noah Williams,1,1
428,Luc,Martin,Luc Martin,0,0
429,Andre,Richard,Andre Richard,0,0
430,Jacques,Robert,Jacques Robert,1,0
431,Muhammad,Davies,Muhammad Davies,1,1
432,Robert,Taylor,Robert Taylor,1,0
433,Hans,Wagner,Hans Wagner,1,1
434,Klaus,Schneider,Klaus Schneider,0,1
435,George,Smith,George Smith,1,0
436,Richard,Taylor,Richard Taylor,1,0
437,Noah,Jones,Noah Jones,0,0
438,Jurgen,Schmidt,Jurgen Schmidt,1,0
439,Harry,Davies,Harry Davies,0,0
440,Thomas,Miller,Thomas Miller,0,0
441,Andre,Robert,Andre Robert,0,0
442,Jack,Taylor,Jack Taylor,0,0
443,Harry,Smith,Harry Smith,1,0
444,David,Taylor,David Taylor,0,0
445,Fritz,Muller,Fritz Muller,1,0
446,Muhammad,Brown,Muhammad Brown,1,1
447,Jean,Petit,Jean Petit,0,1
448,Andre,Richard,Andre Richard,0,0
449,Richard,Smith,Richard Smith,0,0
450,James,Jones,James Jones,0,0
451,Philippe,Dubois,Philippe Dubois,1,0
452,Pierre,Robert,Pierre Robert,1,0
453,Fritz,Schneider,Fritz Schneider,1,0
454,Jack,Roberts,Jack Roberts,1,0
455,Thomas,Taylor,Thomas Taylor,0,0
456,Michael,Miller,Michael Miller,1,0
457,Heinz,Schulz,Heinz Schulz,0,0
458,Henri,Durand,Henri Durand,1,0
459,Noah,Williams,Noah Williams,1,0
460,David,Miller,David Miller,0,0
461,David,Brown,David Brown,0,0
462,David,Davis,David Davis,1,0
463,Jurgen,Weber,Jurgen Weber,0,0
464,Jacob,Taylor,Jacob Taylor,0,1
465,Wolfgang,Wagner,Wolfgang Wagner,0,0
466,Richard,Moore,Richard Moore,0,0
467,George,Evans,George Evans,0,1
468,Jean,Richard,Jean Richard,1,0
469,Andre,Durand,Andre Durand,1,0
470,Peter,Schulz,Peter Schulz,0,0
471,Werner,Hoffmann,Werner Hoffmann,1,0
472,Klaus,Muller,Klaus Muller,0,1
473,David,Davis,David Davis,0,0
474,John,Brown,John Brown,0,0
475,David,Taylor,David Taylor,0,0
476,Harry,Brown,Harry Brown,1,0
477,Muhammad,Thomas,Muhammad Thomas,1,0
478,Harry,Jones,Harry Jones,1,0
479,Gunter,Wagner,Gunter Wagner,1,0
480,Noah,Taylor,Noah Taylor,0,0
481,James,Miller,James Miller,0,0
482,Oscar,Williams,Oscar Williams,1,0
483,David,Moore,David Moore,0,0
484,Jurgen,Schmidt,Jurgen Schmidt,0,0
485,Noah,Brown,Noah Brown,0,0
486,Joseph,Moore,Joseph Moore,0,0
487,Thomas,Taylor,Thomas Taylor,1,0
488,Charlie,Evans,Charlie Evans,1,0
489,Wolfgang,Muller,Wolfgang Muller,1,0
490,Jack,Wilson,Jack Wilson,0,0
491,Harry,Taylor,Harry Taylor,1,0
492,Muhammad,Williams,Muhammad Williams,0,0
493,Jurgen,Schulz,Jurgen Schulz,1,0
494,Jacob,Smith,Jacob Smith,1,0
495,Henri,Martin,Henri Martin,1,0
496,Richard,Wilson,Richard Wilson,0,0
497,Werner,Muller,Werner Muller,1,0
498,Muhammad,Thomas,Muhammad Thomas,0,0
499,Jack,Davies,Jack Davies,1,0
500,Harry,Evans,Harry Evans,0,0
501,Fritz,Schmidt,Fritz Schmidt,1,0
502,Werner,Wagner,Werner Wagner,0,0
503,Charles,Williams,Charles Williams,0,0
504,Richard,Miller,Richard Miller,1,0
505,Peter,Hoffmann,Peter Hoffmann,0,0
506,Muhammad,Smith,Muhammad Smith,0,0
507,Thomas,Taylor,Thomas Taylor,1,0
508,James,Moore,James Moore,1,0
509,Noah,Evans,Noah Evans,1,0
510,Gunter,Meyer,Gunter Meyer,0,0
511,Philippe,Robert,Philippe Robert,1,0
512,Joseph,Jones,Joseph Jones,1,0
513,James,Smith,James Smith,1,1
514,Harry,Wilson,Harry Wilson,1,1
515,Charlie,Evans,Charlie Evans,0,0
516,Thomas,Smith,Thomas Smith,0,0
517,Werner,Schulz,Werner Schulz,0,1
518,Klaus,Schulz,Klaus Schulz,0,0
519,Noah,Williams,Noah Williams,1,0
520,Klaus,Weber,Klaus Weber,0,0
521,William,Williams,William Williams,0,0
522,Robert,Williams,Robert Williams,1,0
523,Michel,Petit,Michel Petit,1,0
524,Francois,Leroy,Francois Leroy,1,0
525,Werner,Weber,Werner Weber,0,0
526,David,Williams,David Williams,1,0
527,Charlie,Evans,Charlie Evans,0,1
528,Harry,Smith,Harry Smith,0,0
529,John,Williams,John Williams,0,1
530,Charlie,Roberts,Charlie Roberts,1,0
531,Thomas,Thomas,Thomas Thomas,1,1
532,Francois,Moreau,Francois Moreau,0,0
533,John,Davis,John Davis,1,1
534,Wolfgang,Schneider,Wolfgang Schneider,1,0
535,Charles,Davis,Charles Davis,1,0
536,David,Taylor,David Taylor,1,0
537,Jacques,Martin,Jacques Martin,0,0
538,Alain,Robert,Alain Robert,0,1
539,Gunter,Schmidt,Gunter Schmidt,1,1
540,Richard,Williams,Richard Williams,1,0
541,Heinz,Schulz,Heinz Schulz,0,0
542,George,Williams,George Williams,1,0
543,Jack,Brown,Jack Brown,0,0
544,Oscar,Smith,Oscar Smith,0,0
545,Robert,Jones,Robert Jones,0,0
546,Jacob,Taylor,Jacob Taylor,0,1
547,Uwe,Wagner,Uwe Wagner,0,0
548,Noah,Evans,Noah Evans,1,0
549,Joseph,Williams,Joseph Williams,1,0
550,Philippe,Leroy,Philippe Leroy,1,0
551,James,Wilson,James Wilson,0,0
552,Fritz,Hoffmann,Fritz Hoffmann,0,0
553,Uwe,Meyer,Uwe Meyer,0,0
554,Pierre,Moreau,Pierre Moreau,0,0
555,Charlie,Jones,Charlie Jones,0,1
556,Joseph,Miller,Joseph Miller,0,0
557,Jacques,Dubois,Jacques Dubois,1,0
558,John,Jones,John Jones,0,0
559,Werner,Schneider,Werner Schneider,1,0
560,James,Moore,James Moore,1,0
561,Michel,Durand,Michel Durand,0,1
562,Jurgen,Schneider,Jurgen Schneider,0,0
563,Charles,Johnson,Charles Johnson,0,0
564,Francois,Moreau,Francois Moreau,1,1
565,Jack,Jones,Jack Jones,0,0
566,Thomas,Smith,Thomas Smith,0,1
567,Michel,Leroy,Michel Leroy,0,0
568,Jack,Thomas,Jack Thomas,1,0
569,Thomas,Davis,Thomas Davis,0,0
570,Andre,Durand,Andre Durand,0,0
571,Joseph,Taylor,Joseph Taylor,0,0
572,Wolfgang,Fischer,Wolfgang Fischer,1,0
573,Philippe,Dubois,Philippe Dubois,1,0
574,Fritz,Meyer,Fritz Meyer,1,0
575,Michael,Smith,Michael Smith,0,0
576,Fritz,Wagner,Fritz Wagner,0,0
577,Andre,Bernard,Andre Bernard,0,0
578,Noah,Jones,Noah Jones,0,1
579,Jacob,Smith,Jacob Smith,0,0
580,Muhammad,Brown,Muhammad Brown,1,0
581,Jean,Moreau,Jean Moreau,0,1
582,Philippe,Martin,Philippe Martin,0,0
583,Hans,Fischer,Hans Fischer,1,0
584,Klaus,Schneider,Klaus Schneider,0,0
585,George,Taylor,George Taylor,1,0
586,Fritz,Schmidt,Fritz Schmidt,0,0
587,John,Brown,John Brown,1,0
588,Thomas,Wilson,Thomas Wilson,1,1
589,William,Moore,William Moore,1,0
590,Klaus,Wagner,Klaus Wagner,0,0
591,Klaus,Weber,Klaus Weber,1,0
592,Jack,Jones,Jack Jones,1,1
593,Jacob,Taylor,Jacob Taylor,1,1
594,David,Jones,David Jones,0,0
595,Werner,Fischer,Werner Fischer,0,0
596,Alain,Petit,Alain Petit,0,0
597,Fritz,Meyer,Fritz Meyer,1,0
598,David,Brown,David Brown,1,1
599,Gunter,Meyer,Gunter Meyer,0,1
600,David,Johnson,David Johnson,0,0
601,Noah,Evans,Noah Evans,0,0
602,Henri,Petit,Henri Petit,0,1
603,Luc,Petit,Luc Petit,0,1
604,Charles,Davis,Charles Davis,0,0
605,Pierre,Martin,Pierre Martin,0,0
606,Noah,Roberts,Noah Roberts,0,1
607,Luc,Dubois,Luc Dubois,0,1
608,Fritz,Hoffmann,Fritz Hoffmann,0,0
609,Noah,Thomas,Noah Thomas,0,0
610,Alain,Moreau,Alain Moreau,0,1
611,Richard,Taylor,Richard Taylor,0,0
612,Klaus,Schmidt,Klaus Schmidt,1,0
613,James,Wilson,James Wilson,1,1
614,Michel,Bernard,Michel Bernard,0,1
615,Jacques,Leroy,Jacques Leroy,0,0
616,William,Miller,William Miller,0,0
617,Pierre,Robert,Pierre Robert,1,0
618,Thomas,Miller,Thomas Miller,0,0
619,Jurgen,Schulz,Jurgen Schulz,0,0
620,Alain,Moreau,Alain Moreau,0,0
621,Klaus,Fischer,Klaus Fischer,1,0
622,Charles,Jones,Charles Jones,0,0
623,Michel,Thomas,Michel Thomas,0,1
624,George,Roberts,George Roberts,1,0
625,Jack,Thomas,Jack Thomas,0,0
626,Alain,Dubois,Alain Dubois,1,0
627,Joseph,Williams,Joseph Williams,1,0
628,Muhammad,Thomas,Muhammad Thomas,1,0
629,George,Roberts,George Roberts,0,0
630,Uwe,Hoffmann,Uwe Hoffmann,1,0
631,Klaus,Schmidt,Klaus Schmidt,1,0
632,Harry,Thomas,Harry Thomas,1,0
633,Fritz,Becker,Fritz Becker,1,0
634,Alain,Durand,Alain Durand,1,0
635,Jurgen,Muller,Jurgen Muller,0,0
636,David,Brown,David Brown,0,1
637,George,Taylor,George Taylor,0,0
638,Gunter,Meyer,Gunter Meyer,1,0
639,Klaus,Wagner,Klaus Wagner,1,1
640,Fritz,Meyer,Fritz Meyer,1,0
641,Philippe,Durand,Philippe Durand,0,0
642,Jacob,Roberts,Jacob Roberts,1,0
643,Philippe,Bernard,Philippe Bernard,0,0
644,Thomas,Taylor,Thomas Taylor,1,1
645,William,Wilson,William Wilson,0,0
646,Philippe,Petit,Philippe Petit,1,0
647,James,Taylor,James Taylor,1,0
648,Oscar,Thomas,Oscar Thomas,1,0
649,Joseph,Jones,Joseph Jones,0,0
650,Oscar,Williams,Oscar Williams,1,0
651,Charles,Brown,Charles Brown,0,0
652,Luc,Leroy,Luc Leroy,0,0
653,Jacques,Robert,Jacques Robert,1,0
654,Michel,Moreau,Michel Moreau,0,0
655,Luc,Martin,Luc Martin,0,0
656,Philippe,Robert,Philippe Robert,1,0
657,John,Moore,John Moore,0,1
658,Jurgen,Schmidt,Jurgen Schmidt,1,0
659,Jurgen,Wagner,Jurgen Wagner,1,0
660,Pierre,Martin,Pierre Martin,0,1
661,Andre,Petit,Andre Petit,0,0
662,Henri,Petit,Henri Petit,0,0
663,George,Evans,George Evans,1,0
664,James,Johnson,James Johnson,0,0
665,Uwe,Hoffmann,Uwe Hoffmann,1,0
666,Pierre,Moreau,Pierre Moreau,1,1
667,Klaus,Schneider,Klaus Schneider,1,0
668,Werner,Schulz,Werner Schulz,1,0
669,Jack,Taylor,Jack Taylor,1,0
670,Jacob,Davies,Jacob Davies,0,0
671,Uwe,Meyer,Uwe Meyer,0,1
672,Jurgen,Schneider,Jurgen Schneider,0,0
673,Jurgen,Becker,Jurgen Becker,0,0
674,Robert,Taylor,Robert Taylor,0,0
675,Joseph,Miller,Joseph Miller,1,0
676,Charles,Davis,Charles Davis,1,0
677,David,Williams,David Williams,0,1
678,Philippe,Durand,Philippe Durand,0,0
679,Jacques,Thomas,Jacques Thomas,0,0
680,Robert,Davis,Robert Davis,1,0
681,Jurgen,Hoffmann,Jurgen Hoffmann,0,0
682,Alain,Dubois,Alain Dubois,1,0
683,Oliver,Brown,Oliver Brown,0,0
684,Francois,Leroy,Francois Leroy,0,0
685,George,Taylor,George Taylor,0,0
686,Klaus,Muller,Klaus Muller,0,0
687,Pierre,Richard,Pierre Richard,0,0
688,Richard,Taylor,Richard Taylor,0,0
689,Thomas,Taylor,Thomas Taylor,1,0
690,David,Johnson,David Johnson,0,0
691,John,Moore,John Moore,1,1
692,Noah,Thomas,Noah Thomas,0,0
693,Michel,Durand,Michel Durand,0,0
694,Jean,Durand,Jean Durand,0,0
695,Michel,Durand,Michel Durand,0,0
696,Charles,Miller,Charles Miller,0,1
697,Werner,Wagner,Werner Wagner,0,0
698,Michael,Miller,Michael Miller,0,0
699,Alain,Richard,Alain Richard,0,0
700,Jack,Davies,Jack Davies,0,0
701,Jack,Smith,Jack Smith,0,0
702,Fritz,Schmidt,Fritz Schmidt,0,0
703,Uwe,Wagner,Uwe Wagner,1,0
704,Philippe,Robert,Philippe Robert,0,0
705,Gunter,Schneider,Gunter Schneider,1,0
706,Thomas,Miller,Thomas Miller,1,0
707,Francois,Thomas,Francois Thomas,1,0
708,Noah,Roberts,Noah Roberts,1,0
709,Wolfgang,Schmidt,Wolfgang Schmidt,0,0
710,Fritz,Schulz,Fritz Schulz,0,0
711,Robert,Williams,Robert Williams,1,0
712,Charlie,Roberts,Charlie Roberts,0,0
713,Oliver,Roberts,Oliver Roberts,0,0
714,George,Williams,George Williams,0,0
715,Gunter,Schneider,Gunter Schneider,0,0
716,Luc,Durand,Luc Durand,0,0
717,Harry,Jones,Harry Jones,1,1
718,Oliver,Thomas,Oliver Thomas,1,0
719,Peter,Weber,Peter Weber,0,0
720,Luc,Moreau,Luc Moreau,0,1
721,Pierre,Thomas,Pierre Thomas,0,1
722,Gunter,Schneider,Gunter Schneider,0,0
723,Thomas,Johnson,Thomas Johnson,1,0
724,Harry,Thomas,Harry Thomas,1,0
725,Heinz,Schulz,Heinz Schulz,1,0
726,Jacques,Martin,Jacques Martin,0,0
727,Jack,Williams,Jack Williams,0,1
728,Oscar,Williams,Oscar Williams,0,0
729,Michael,Wilson,Michael Wilson,1,0
730,Jacques,Moreau,Jacques Moreau,0,0
731,James,Miller,James Miller,1,0
732,Peter,Muller,Peter Muller,0,0
733,Richard,Davis,Richard Davis,0,0
734,George,Davies,George Davies,0,0
735,Oliver,Williams,Oliver Williams,0,0
736,Charlie,Roberts,Charlie Roberts,0,0
737,Michel,Martin,Michel Martin,1,0
738,James,Brown,James Brown,1,0
739,Michel,Thomas,Michel Thomas,1,0
740,Andre,Durand,Andre Durand,0,0
741,John,Smith,John Smith,1,0
742,William,Moore,William Moore,1,0
743,Charlie,Davies,Charlie Davies,0,0
744,Thomas,Smith,Thomas Smith,0,0
745,Werner,Schmidt,Werner Schmidt,0,0
746,Hans,Weber,Hans Weber,0,0
747,Luc,Durand,Luc Durand,0,0
748,Heinz,Schneider,Heinz Schneider,1,0
749,Werner,Becker,Werner Becker,1,0
750,Michael,Davis,Michael Davis,1,1
751,Pierre,Dubois,Pierre Dubois,1,1
752,Charlie,Davies,Charlie Davies,0,1
753,Wolfgang,Wagner,Wolfgang Wagner,0,0
754,Michael,Moore,Michael Moore,1,0
755,Robert,Miller,Robert Miller,1,1
756,Muhammad,Davies,Muhammad Davies,1,0
757,Michael,Wilson,Michael Wilson,1,0
758,Peter,Weber,Peter Weber,1,0
759,Francois,Durand,Francois Durand,0,0
760,Henri,Leroy,Henri Leroy,1,0
761,Robert,Smith,Robert Smith,1,0
762,Alain,Petit,Alain Petit,0,0
763,Pierre,Leroy,Pierre Leroy,1,0
764,Robert,Jones,Robert Jones,0,0
765,Jurgen,Wagner,Jurgen Wagner,1,0
766,Harry,Taylor,Harry Taylor,0,0
767,John,Williams,John Williams,1,0
768,Muhammad,Jones,Muhammad Jones,0,0
769,Thomas,Thomas,Thomas Thomas,1,0
770,Philippe,Leroy,Philippe Leroy,1,0
771,Oliver,Davies,Oliver Davies,1,1
772,John,Jones,John Jones,0,0
773,Gunter,Muller,Gunter Muller,0,0
774,Charles,Wilson,Charles Wilson,1,0
775,Oscar,Jones,Oscar Jones,0,0
776,Jean,Martin,Jean Martin,0,0
777,Oscar,Wilson,Oscar Wilson,1,0
778,Uwe,Weber,Uwe Weber,1,0
779,Pierre,Moreau,Pierre Moreau,1,0
780,Gunter,Schneider,Gunter Schneider,1,1
781,William,Williams,William Williams,1,0
782,Richard,Brown,Richard Brown,1,0
783,Jack,Evans,Jack Evans,0,0
784,Andre,Dubois,Andre Dubois,1,0
785,Oscar,Roberts,Oscar Roberts,0,0
786,Werner,Schneider,Werner Schneider,1,0
787,Fritz,Schmidt,Fritz Schmidt,0,0
788,John,Brown,John Brown,1,0
789,Klaus,Becker,Klaus Becker,0,0
790,Oscar,Smith,Oscar Smith,0,0
791,Philippe,Dubois,Philippe Dubois,0,0
792,Thomas,Wilson,Thomas Wilson,0,0
793,Jack,Smith,Jack Smith,0,1
794,Noah,Smith,Noah Smith,1,0
795,Jacques,Durand,Jacques Durand,0,1
796,Michael,Smith,Michael Smith,1,0
797,Robert,Brown,Robert Brown,1,0
798,Oliver,Brown,Oliver Brown,0,0
799,Alain,Bernard,Alain Bernard,0,0
800,Wolfgang,Schmidt,Wolfgang Schmidt,0,0
801,Henri,Durand,Henri Durand,0,0
802,Philippe,Richard,Philippe Richard,0,0
803,Jurgen,Weber,Jurgen Weber,1,0
804,George,Williams,George Williams,1,0
805,Klaus,Wagner,Klaus Wagner,0,0
806,Michael,Williams,Michael Williams,0,0
807,Fritz,Wagner,Fritz Wagner,1,0
808,Harry,Smith,Harry Smith,0,0
809,Jacob,Williams,Jacob Williams,0,0
810,Michel,Bernard,Michel Bernard,0,0
811,Joseph,Smith,Joseph Smith,1,0
812,Oliver,Wilson,Oliver Wilson,1,1
813,Francois,Richard,Francois Richard,1,0
814,Noah,Smith,Noah Smith,0,0
815,William,Taylor,William Taylor,1,0
816,Alain,Petit,Alain Petit,0,0
817,Jacques,Richard,Jacques Richard,0,1
818,Andre,Thomas,Andre Thomas,0,0
819,Pierre,Leroy,Pierre Leroy,1,0
820,Fritz,Schneider,Fritz Schneider,0,0
821,Oscar,Roberts,Oscar Roberts,0,0
822,Charlie,Williams,Charlie Williams,1,1
823,Alain,Robert,Alain Robert,1,0
824,Klaus,Meyer,Klaus Meyer,1,0
825,William,Jones,William Jones,0,0
826,Gunter,Weber,Gunter Weber,0,1
827,Uwe,Wagner,Uwe Wagner,0,0
828,Thomas,Johnson,Thomas Johnson,1,0
829,Andre,Moreau,Andre Moreau,0,1
830,Peter,Schulz,Peter Schulz,0,0
831,Harry,Roberts,Harry Roberts,1,0
832,Charles,Miller,Charles Miller,1,0
833,Francois,Richard,Francois Richard,0,0
834,Werner,Fischer,Werner Fischer,0,0
835,Gunter,Schmidt,Gunter Schmidt,0,0
836,Wolfgang,Weber,Wolfgang Weber,1,1
837,Heinz,Muller,Heinz Muller,0,0
838,Peter,Weber,Peter Weber,1,0
839,Philippe,Durand,Philippe Durand,1,0
840,Jack,Davies,Jack Davies,0,0
841,Wolfgang,Fischer,Wolfgang Fischer,0,0
842,Michel,Petit,Michel Petit,0,0
843,Charlie,Thomas,Charlie Thomas,0,0
844,Charlie,Wilson,Charlie Wilson,0,0
845,Thomas,Jones,Thomas Jones,0,0
846,Pierre,Thomas,Pierre Thomas,0,0
847,Uwe,Muller,Uwe Muller,1,0
848,John,Taylor,John Taylor,1,0
849,John,Jones,John Jones,1,1
850,Oscar,Thomas,Oscar Thomas,0,0
851,Pierre,Thomas,Pierre Thomas,0,1
852,Charles,Miller,Charles Miller,0,0
853,Noah,Smith,Noah Smith,0,0
854,Werner,Schulz,Werner Schulz,0,1
855,Gunter,Schulz,Gunter Schulz,0,0
856,Michael,Taylor,Michael Taylor,1,0
857,William,Davis,William Davis,0,0
858,Joseph,Taylor,Joseph Taylor,0,0
859,Jacques,Martin,Jacques Martin,0,1
860,Heinz,Muller,Heinz Muller,0,1
861,Thomas,Wilson,Thomas Wilson,0,0
862,Muhammad,Brown,Muhammad Brown,0,0
863,David,Brown,David Brown,0,0
864,John,Moore,John Moore,1,0
865,Thomas,Williams,Thomas Williams,0,0
866,Michel,Bernard,Michel Bernard,0,1
867,Luc,Robert,Luc Robert,0,0
868,Jacob,Brown,Jacob Brown,1,0
869,Joseph,Taylor,Joseph Taylor,0,0
870,Pierre,Thomas,Pierre Thomas,0,0
871,Charles,Moore,Charles Moore,0,0
872,Noah,Williams,Noah Williams,1,0
873,Thomas,Brown,Thomas Brown,1,0
874,Richard,Johnson,Richard Johnson,1,0
875,Oscar,Williams,Oscar Williams,0,0
876,Oliver,Evans,Oliver Evans,0,1
877,Richard,Moore,Richard Moore,1,0
878,Jurgen,Schulz,Jurgen Schulz,1,0
879,Henri,Petit,Henri Petit,0,0
880,James,Wilson,James Wilson,1,0
881,Charles,Davis,Charles Davis,1,0
882,Richard,Taylor,Richard Taylor,1,0
883,Jack,Thomas,Jack Thomas,1,0
884,Richard,Smith,Richard Smith,1,0
885,Klaus,Meyer,Klaus Meyer,0,0
886,Wolfgang,Hoffmann,Wolfgang Hoffmann,0,0
887,Henri,Petit,Henri Petit,0,0
888,Hans,Schneider,Hans Schneider,1,0
889,Harry,Brown,Harry Brown,0,0
890,George,Wilson,George Wilson,1,0
891,Henri,Durand,Henri Durand,1,0
892,Peter,Schmidt,Peter Schmidt,1,0
893,Uwe,Weber,Uwe Weber,0,0
894,Oscar,Evans,Oscar Evans,0,1
895,James,Jones,James Jones,0,1
896,George,Taylor,George Taylor,0,0
897,Andre,Robert,Andre Robert,0,0
898,Muhammad,Thomas,Muhammad Thomas,0,0
899,James,Taylor,James Taylor,0,0
900,Thomas,Williams,Thomas Williams,1,0
901,Francois,Thomas,Francois Thomas,1,0
902,David,Brown,David Brown,0,0
903,Pierre,Dubois,Pierre Dubois,0,0
904,Jurgen,Meyer,Jurgen Meyer,0,0
905,Heinz,Muller,Heinz Muller,0,1
906,John,Johnson,John Johnson,1,0
907,Philippe,Martin,Philippe Martin,0,0
908,Philippe,Robert,Philippe Robert,1,0
909,Oliver,Evans,Oliver Evans,1,0
910,James,Davis,James Davis,1,0
911,Klaus,Muller,Klaus Muller,1,0
912,Alain,Robert,Alain Robert,0,0
913,Peter,Muller,Peter Muller,0,1
914,Michael,Johnson,Michael Johnson,1,0
915,Robert,Wilson,Robert Wilson,0,0
916,Richard,Moore,Richard Moore,1,0
917,Michel,Richard,Michel Richard,0,0
918,Uwe,Schmidt,Uwe Schmidt,0,0
919,Thomas,Thomas,Thomas Thomas,1,1
920,Luc,Bernard,Luc Bernard,0,0
921,Klaus,Schulz,Klaus Schulz,1,1
922,Gunter,Weber,Gunter Weber,1,0
923,Michel,Bernard,Michel Bernard,0,0
924,Oscar,Smith,Oscar Smith,1,0
925,Peter,Wagner,Peter Wagner,0,0
926,Francois,Leroy,Francois Leroy,0,0
927,David,Davis,David Davis,1,0
928,Charlie,Taylor,Charlie Taylor,1,0
929,Hans,Schulz,Hans Schulz,0,0
930,Richard,Miller,Richard Miller,1,0
931,Werner,Schneider,Werner Schneider,0,0
932,Fritz,Weber,Fritz Weber,1,1
933,Michel,Petit,Michel Petit,1,0
934,Jean,Thomas,Jean Thomas,0,1
935,Muhammad,Roberts,Muhammad Roberts,0,0
936,Joseph,Moore,Joseph Moore,0,0
937,Jack,Evans,Jack Evans,1,0
938,Robert,Jones,Robert Jones,0,0
939,Francois,Robert,Francois Robert,0,0
940,Noah,Smith,Noah Smith,1,0
941,Oliver,Brown,Oliver Brown,0,0
942,Heinz,Wagner,Heinz Wagner,0,0
943,Uwe,Weber,Uwe Weber,0,0
944,Jacques,Martin,Jacques Martin,0,0
945,Harry,Roberts,Harry Roberts,0,0
946,Fritz,Schulz,Fritz Schulz,0,0
947,Charlie,Davies,Charlie Davies,0,0
948,Philippe,Robert,Philippe Robert,1,0
949,Peter,Schulz,Peter Schulz,0,0
950,Charles,Moore,Charles Moore,0,0
951,Michel,Leroy,Michel Leroy,1,0
952,Philippe,Martin,Philippe Martin,0,0
953,Thomas,Wilson,Thomas Wilson,1,0
954,Charlie,Brown,Charlie Brown,0,0
955,Noah,Roberts,Noah Roberts,0,0
956,Harry,Taylor,Harry Taylor,0,0
957,Hans,Hoffmann,Hans Hoffmann,0,1
958,Richard,Taylor,Richard Taylor,0,1
959,Pierre,Durand,Pierre Durand,0,0
960,Robert,Wilson,Robert Wilson,1,0
961,Hans,Wagner,Hans Wagner,0,0
962,Richard,Moore,Richard Moore,1,0
963,Uwe,Schneider,Uwe Schneider,1,1
964,Alain,Martin,Alain Martin,1,0
965,Muhammad,Brown,Muhammad Brown,1,0
966,Hans,Meyer,Hans Meyer,1,0
967,Richard,Moore,Richard Moore,0,0
968,Philippe,Dubois,Philippe Dubois,0,1
969,Heinz,Becker,Heinz Becker,1,0
970,Henri,Leroy,Henri Leroy,0,0
971,Uwe,Wagner,Uwe Wagner,0,0
972,Uwe,Weber,Uwe Weber,1,0
973,George,Taylor,George Taylor,0,0
974,Andre,Moreau,Andre Moreau,0,0
975,Oscar,Brown,Oscar Brown,0,0
976,Jacob,Thomas,Jacob Thomas,0,0
977,Thomas,Wilson,Thomas Wilson,1,0
978,Luc,Petit,Luc Petit,1,0
979,Richard,Moore,Richard Moore,0,0
980,George,Williams,George Williams,0,0
981,Oliver,Roberts,Oliver Roberts,1,0
982,Michel,Martin,Michel Martin,0,0
983,Jacob,Davies,Jacob Davies,0,1
984,Thomas,Wilson,Thomas Wilson,0,1
985,Klaus,Wagner,Klaus Wagner,0,0
986,Peter,Becker,Peter Becker,0,0
987,Harry,Taylor,Harry Taylor,1,0
988,Henri,Durand,Henri Durand,0,0
989,William,Johnson,William Johnson,1,1
990,Peter,Meyer,Peter Meyer,1,0
991,Robert,Brown,Robert Brown,0,1
992,Heinz,Weber,Heinz Weber,1,0
993,William,Davis,William Davis,0,1
994,Klaus,Schmidt,Klaus Schmidt,0,0
995,Andre,Moreau,Andre Moreau,1,0
996,William,Moore,William Moore,1,0
997,Luc,Thomas,Luc Thomas,1,1
998,Andre,Leroy,Andre Leroy,0,1
999,Heinz,Muller,Heinz Muller,0,0
1000,Andre,Durand,Andre Durand,0,0
